{
  "name": "Python Flask Development Container",
  "image": "mcr.microsoft.com/devcontainers/python:1-3.12-bookworm",
  "features": {
    "ghcr.io/devcontainers/features/python:1": {}
  },
  "hostRequirements": {
    "cpus": 4
  },
  "waitFor": "onCreateCommand",
  "updateContentCommand": "",
  "postCreateCommand": "pip install -r requirements.txt && apt-get clean && rm -rf /root/.cache/pip",
  "postStartCommand": "",   // For commands to run each Codespace start
  "customizations": {
    "vscode": {
      "settings": {
        "files.autoSave": "onFocusChange",
        "editor.formatOnPaste": true,
        "editor.formatOnSave": true,
        "editor.fontSize": 18,
        "extensions.ignoreRecommendations": true,
        "unwantedRecommendations": ["ms-python.vscode-python-envs"],
        "terminal.integrated.defaultProfile.windows": "Git Bash",
        "window.restoreWindows": "preserve",
        "workbench.editorAssociations": {
          "*.md": "vscode.markdown.preview.editor"
        },
        "workbench.colorTheme": "Default Dark+",
        "workbench.iconTheme": "vscode-icons",
        "github.copilot.enable": {
          "python": false,
          "html": false,
          "css": false,
          "SQL": false
        },
        "chat.agent.enabled": false
      },
      "extensions": [
        "bierner.markdown-mermaid",
        "bierner.markdown-preview-github-styles",
        "ecmel.vscode-html-css",
        "esbenp.prettier-vscode",
        "GitHub.codespaces",
        "mathematic.vscode-pdf",
        "McCarter.start-git-bash",
        "mechatroner.rainbow-csv",
        "ms-python.black-formatter",
        "ms-python.debugpy",
        "ms-python.pylint",
        "ms-python.python",
        "oderwat.indent-rainbow",
        "streetsidesoftware.code-spell-checker",
        "tal7aouy.icons",
        "saeris.markdown-github-alerts",
        "yy0931.vscode-sqlite3-editor"       
      ]
    }
  },
  "forwardPorts": [5000],  // Add the port your Flask app runs on, or others as needed
  "portsAttributes": {
    "5000": {
      "label": "Flask App",
      "onAutoForward": "openBrowser"
    }
  }
}
